{"cameraMode":{"drawMode":0,"name":"Shaded","section":"Shading Mode"},"sceneLighting":true,"audioPlay":false,"sceneViewState":{"showFog":false,"showMaterialUpdate":false,"showSkybox":false,"showFlares":false,"showImageEffects":false,"showParticleSystems":false},"in2DMode":false,"pivot":{"x":450.5189208984375,"y":772.7054443359375,"z":25.190673828125},"rotation":{"x":-0.04357081651687622,"y":-0.10113196820020676,"z":0.004433442372828722,"w":-0.9939085841178894},"size":606.9683837890625,"orthographic":false}