{"cameraMode":{"drawMode":0,"name":"Shaded","section":"Shading Mode"},"sceneLighting":false,"audioPlay":false,"sceneViewState":{"showFog":false,"showMaterialUpdate":false,"showSkybox":false,"showFlares":false,"showImageEffects":false,"showParticleSystems":false},"in2DMode":false,"pivot":{"x":0.13067948818206788,"y":1.6781411170959473,"z":0.18328857421875},"rotation":{"x":-0.06175761669874191,"y":-0.02036241628229618,"z":0.001260236487723887,"w":-0.9978827238082886},"size":14.714049339294434,"orthographic":false}