{"cameraMode":{"drawMode":0,"name":"Shaded","section":"Shading Mode"},"sceneLighting":true,"audioPlay":false,"sceneViewState":{"showFog":false,"showMaterialUpdate":false,"showSkybox":false,"showFlares":false,"showImageEffects":false,"showParticleSystems":false},"in2DMode":false,"pivot":{"x":1.4396207332611085,"y":2.8822028636932375,"z":-13.751235961914063},"rotation":{"x":-0.04357081651687622,"y":-0.10113196820020676,"z":0.004433442372828722,"w":-0.9939085841178894},"size":6.63047981262207,"orthographic":false}